BooleanUtils.Collections.unmodifiableList/2	Invariant("BOOLEAN_LIST == Collections.unmodifiableList(Arrays.asList(Boolean.FALSE, Boolean.TRUE))")
BooleanUtils.Collections.unmodifiableList/2	Invariant("FALSE == \"false\"")
BooleanUtils.Collections.unmodifiableList/2	Invariant("NO == \"no\"")
BooleanUtils.Collections.unmodifiableList/2	Invariant("OFF == \"off\"")
BooleanUtils.Collections.unmodifiableList/2	Invariant("ON == \"on\"")
BooleanUtils.Collections.unmodifiableList/2	Invariant("TRUE == \"true\"")
BooleanUtils.Collections.unmodifiableList/2	Invariant("YES == \"yes\"")
BooleanUtils.and/1	Ensures("true")
BooleanUtils.and/1	LoopInvariant("array != null")
BooleanUtils.and/1	Assignable("\\nothing")
BooleanUtils.and/1	Ensures("\\result != null")
BooleanUtils.and/1	Assignable("\\nothing")
BooleanUtils.booleanValues/0	Ensures("\\result != null")
BooleanUtils.booleanValues/0	Assignable("\\nothing")
BooleanUtils.compare/2	Ensures("\\result == 1 || \\result == -1")
BooleanUtils.compare/2	Ensures("x == y ==> \\result == 0")
BooleanUtils.compare/2	Ensures("(x != y) && (x) ==> \\result == 1")
BooleanUtils.compare/2	Ensures("(x != y) && (!(x)) ==> \\result == -1")
BooleanUtils.compare/2	Assignable("\\nothing")
BooleanUtils.forEach/1	Assignable("\\nothing")
BooleanUtils.isFalse/1	Ensures("\\result == Boolean.FALSE.equals(bool)")
BooleanUtils.isFalse/1	Assignable("\\nothing")
BooleanUtils.isNotFalse/1	Ensures("\\result == !isFalse(bool)")
BooleanUtils.isNotFalse/1	Assignable("\\nothing")
BooleanUtils.isNotTrue/1	Ensures("\\result == !isTrue(bool)")
BooleanUtils.isNotTrue/1	Assignable("\\nothing")
BooleanUtils.isTrue/1	Ensures("\\result == Boolean.TRUE.equals(bool)")
BooleanUtils.isTrue/1	Assignable("\\nothing")
BooleanUtils.negate/1	Requires("bool != null")
BooleanUtils.negate/1	Ensures("bool == null ==> \\result == null")
BooleanUtils.negate/1	Ensures("(bool != null) && (bool.booleanValue()) ==> \\result == Boolean.FALSE")
BooleanUtils.negate/1	Ensures("(bool != null) && (!(bool.booleanValue())) ==> \\result == Boolean.TRUE")
BooleanUtils.negate/1	Assignable("\\nothing")
BooleanUtils.oneHot/1	Ensures("true")
BooleanUtils.oneHot/1	LoopInvariant("array != null")
BooleanUtils.oneHot/1	Assignable("\\nothing")
BooleanUtils.oneHot/1	Ensures("\\result != null")
BooleanUtils.oneHot/1	Assignable("\\nothing")
BooleanUtils.or/1	Ensures("true")
BooleanUtils.or/1	LoopInvariant("array != null")
BooleanUtils.or/1	Assignable("\\nothing")
BooleanUtils.or/1	Ensures("\\result != null")
BooleanUtils.or/1	Assignable("\\nothing")
BooleanUtils.primitiveValues/0	Ensures("\\result != null")
BooleanUtils.primitiveValues/0	Assignable("\\nothing")
BooleanUtils.toBoolean/1	Requires("bool != null")
BooleanUtils.toBoolean/1	Ensures("\\result == (bool != null && bool.booleanValue())")
BooleanUtils.toBoolean/1	Assignable("\\nothing")
BooleanUtils.toBoolean/1	Ensures("\\result == (value != 0)")
BooleanUtils.toBoolean/1	Assignable("\\nothing")
BooleanUtils.toBoolean/3	Ensures("true")
BooleanUtils.toBoolean/3	Signals("IllegalArgumentException")
BooleanUtils.toBoolean/3	Assignable("\\nothing")
BooleanUtils.toBoolean/3	Requires("value != null")
BooleanUtils.toBoolean/3	Requires("trueValue != null")
BooleanUtils.toBoolean/3	Requires("falseValue != null")
BooleanUtils.toBoolean/3	Ensures("\\result == true || \\result == false")
BooleanUtils.toBoolean/3	Ensures("value != null ==> \\result != null")
BooleanUtils.toBoolean/3	Signals("IllegalArgumentException")
BooleanUtils.toBoolean/3	Assignable("\\nothing")
BooleanUtils.toBoolean/1	Ensures("\\result == (toBooleanObject(str) == Boolean.TRUE)")
BooleanUtils.toBoolean/1	Assignable("\\nothing")
BooleanUtils.toBoolean/3	Requires("str != null")
BooleanUtils.toBoolean/3	Ensures("true")
BooleanUtils.toBoolean/3	Signals("IllegalArgumentException")
BooleanUtils.toBoolean/3	Assignable("\\nothing")
BooleanUtils.toBooleanDefaultIfNull/2	Requires("bool != null")
BooleanUtils.toBooleanDefaultIfNull/2	Ensures("\\result == this.value")
BooleanUtils.toBooleanDefaultIfNull/2	Ensures("bool == null ==> \\result == valueIfNull")
BooleanUtils.toBooleanDefaultIfNull/2	Ensures("bool != null ==> \\result == bool.booleanValue()")
BooleanUtils.toBooleanDefaultIfNull/2	Assignable("\\nothing")
BooleanUtils.toBooleanObject/1	Ensures("\\result != null")
BooleanUtils.toBooleanObject/1	Ensures("value == 0 ==> \\result == Boolean.FALSE")
BooleanUtils.toBooleanObject/1	Ensures("value != 0 ==> \\result == Boolean.TRUE")
BooleanUtils.toBooleanObject/1	Assignable("\\nothing")
BooleanUtils.toBooleanObject/4	Ensures("value == trueValue ==> \\result == Boolean.TRUE")
BooleanUtils.toBooleanObject/4	Ensures("(value != trueValue) && (value == falseValue) ==> \\result == Boolean.FALSE")
BooleanUtils.toBooleanObject/4	Ensures("((value != trueValue) && (value != falseValue)) && (value == nullValue) ==> \\result == null")
BooleanUtils.toBooleanObject/4	Signals("IllegalArgumentException")
BooleanUtils.toBooleanObject/4	Assignable("\\nothing")
BooleanUtils.toBooleanObject/1	Requires("value != null")
BooleanUtils.toBooleanObject/1	Ensures("value == null ==> \\result == null")
BooleanUtils.toBooleanObject/1	Ensures("(value != null) && (value.intValue() == 0) ==> \\result == Boolean.FALSE")
BooleanUtils.toBooleanObject/1	Ensures("(value != null) && (value.intValue() != 0) ==> \\result == Boolean.TRUE")
BooleanUtils.toBooleanObject/1	Assignable("\\nothing")
BooleanUtils.toBooleanObject/4	Requires("value != null")
BooleanUtils.toBooleanObject/4	Requires("trueValue != null")
BooleanUtils.toBooleanObject/4	Requires("falseValue != null")
BooleanUtils.toBooleanObject/4	Requires("nullValue != null")
BooleanUtils.toBooleanObject/4	Ensures("value != null ==> \\result != null")
BooleanUtils.toBooleanObject/4	Signals("IllegalArgumentException")
BooleanUtils.toBooleanObject/4	Assignable("\\nothing")
BooleanUtils.toBooleanObject/1	Requires("str != null")
BooleanUtils.toBooleanObject/1	Requires("str.length() > 0")
BooleanUtils.toBooleanObject/1	Requires("0 < str.length()")
BooleanUtils.toBooleanObject/1	Requires("1 < str.length()")
BooleanUtils.toBooleanObject/1	Requires("2 < str.length()")
BooleanUtils.toBooleanObject/1	Requires("3 < str.length()")
BooleanUtils.toBooleanObject/1	Requires("4 < str.length()")
BooleanUtils.toBooleanObject/1	Requires("str.length() >= 1 && str.length() <= 5")
BooleanUtils.toBooleanObject/1	Ensures("str == TRUE ==> \\result == Boolean.TRUE")
BooleanUtils.toBooleanObject/1	Ensures("(str != TRUE) && (str == null) ==> \\result == null")
BooleanUtils.toBooleanObject/1	Ensures("(str != TRUE) && (str != null) ==> \\result == null")
BooleanUtils.toBooleanObject/1	Ensures("\\result != null")
BooleanUtils.toBooleanObject/1	Assignable("\\nothing")
BooleanUtils.toBooleanObject/4	Requires("str != null")
BooleanUtils.toBooleanObject/4	Requires("trueString != null")
BooleanUtils.toBooleanObject/4	Requires("falseString != null")
BooleanUtils.toBooleanObject/4	Requires("nullString != null")
BooleanUtils.toBooleanObject/4	Ensures("str != null ==> \\result != null")
BooleanUtils.toBooleanObject/4	Signals("IllegalArgumentException")
BooleanUtils.toBooleanObject/4	Assignable("\\nothing")
BooleanUtils.toInteger/1	Ensures("\\result == 1 || \\result == 0")
BooleanUtils.toInteger/1	Ensures("bool ==> \\result == 1")
BooleanUtils.toInteger/1	Ensures("!(bool) ==> \\result == 0")
BooleanUtils.toInteger/1	Assignable("\\nothing")
BooleanUtils.toInteger/3	Ensures("bool ==> \\result == trueValue")
BooleanUtils.toInteger/3	Ensures("!(bool) ==> \\result == falseValue")
BooleanUtils.toInteger/3	Assignable("\\nothing")
BooleanUtils.toInteger/4	Requires("bool != null")
BooleanUtils.toInteger/4	Ensures("bool == null ==> \\result == nullValue")
BooleanUtils.toInteger/4	Ensures("(bool != null) && (bool.booleanValue()) ==> \\result == trueValue")
BooleanUtils.toInteger/4	Ensures("(bool != null) && (!(bool.booleanValue())) ==> \\result == falseValue")
BooleanUtils.toInteger/4	Assignable("\\nothing")
BooleanUtils.toIntegerObject/1	Ensures("\\result != null")
BooleanUtils.toIntegerObject/1	Assignable("\\nothing")
BooleanUtils.toIntegerObject/3	Ensures("\\result != null")
BooleanUtils.toIntegerObject/3	Ensures("bool ==> \\result == trueValue")
BooleanUtils.toIntegerObject/3	Ensures("!(bool) ==> \\result == falseValue")
BooleanUtils.toIntegerObject/3	Assignable("\\nothing")
BooleanUtils.toIntegerObject/1	Requires("bool != null")
BooleanUtils.toIntegerObject/1	Ensures("bool == null ==> \\result == null")
BooleanUtils.toIntegerObject/1	Assignable("\\nothing")
BooleanUtils.toIntegerObject/4	Requires("bool != null")
BooleanUtils.toIntegerObject/4	Ensures("\\result != null")
BooleanUtils.toIntegerObject/4	Ensures("bool == null ==> \\result == nullValue")
BooleanUtils.toIntegerObject/4	Ensures("(bool != null) && (bool.booleanValue()) ==> \\result == trueValue")
BooleanUtils.toIntegerObject/4	Ensures("(bool != null) && (!(bool.booleanValue())) ==> \\result == falseValue")
BooleanUtils.toIntegerObject/4	Assignable("\\nothing")
BooleanUtils.toString/3	Ensures("\\result != null")
BooleanUtils.toString/3	Ensures("bool ==> \\result.equals(trueString)")
BooleanUtils.toString/3	Ensures("!(bool) ==> \\result.equals(falseString)")
BooleanUtils.toString/3	Assignable("\\nothing")
BooleanUtils.toString/4	Requires("bool != null")
BooleanUtils.toString/4	Ensures("\\result != null")
BooleanUtils.toString/4	Ensures("bool == null ==> \\result.equals(nullString)")
BooleanUtils.toString/4	Ensures("(bool != null) && (bool.booleanValue()) ==> \\result.equals(trueString)")
BooleanUtils.toString/4	Ensures("(bool != null) && (!(bool.booleanValue())) ==> \\result.equals(falseString)")
BooleanUtils.toString/4	Assignable("\\nothing")
BooleanUtils.toStringOnOff/1	Requires("bool != null")
BooleanUtils.toStringOnOff/1	Ensures("\\result != null")
BooleanUtils.toStringOnOff/1	Ensures("bool == null ==> \\result.equals(nullString)")
BooleanUtils.toStringOnOff/1	Ensures("(bool != null) && (bool.booleanValue()) ==> \\result.equals(ON)")
BooleanUtils.toStringOnOff/1	Ensures("(bool != null) && (!(bool.booleanValue())) ==> \\result.equals(OFF)")
BooleanUtils.toStringOnOff/1	Ensures("\\result.equals(toString(bool, ON, OFF))")
BooleanUtils.toStringOnOff/1	Assignable("\\nothing")
BooleanUtils.toStringOnOff/1	Ensures("\\result != null")
BooleanUtils.toStringOnOff/1	Ensures("bool == null ==> \\result.equals(nullString)")
BooleanUtils.toStringOnOff/1	Ensures("(bool != null) && (bool.booleanValue()) ==> \\result.equals(trueString)")
BooleanUtils.toStringOnOff/1	Ensures("(bool != null) && (!(bool.booleanValue())) ==> \\result.equals(falseString)")
BooleanUtils.toStringOnOff/1	Ensures("\\result.equals(toString(bool, ON, OFF, null))")
BooleanUtils.toStringOnOff/1	Assignable("\\nothing")
BooleanUtils.toStringTrueFalse/1	Requires("bool != null")
BooleanUtils.toStringTrueFalse/1	Ensures("\\result != null")
BooleanUtils.toStringTrueFalse/1	Ensures("bool == null ==> \\result.equals(nullString)")
BooleanUtils.toStringTrueFalse/1	Ensures("(bool != null) && (bool.booleanValue()) ==> \\result.equals(TRUE)")
BooleanUtils.toStringTrueFalse/1	Ensures("(bool != null) && (!(bool.booleanValue())) ==> \\result.equals(FALSE)")
BooleanUtils.toStringTrueFalse/1	Ensures("\\result.equals(toString(bool, TRUE, FALSE))")
BooleanUtils.toStringTrueFalse/1	Assignable("\\nothing")
BooleanUtils.toStringTrueFalse/1	Ensures("\\result != null")
BooleanUtils.toStringTrueFalse/1	Ensures("bool == null ==> \\result.equals(nullString)")
BooleanUtils.toStringTrueFalse/1	Ensures("(bool != null) && (bool.booleanValue()) ==> \\result.equals(trueString)")
BooleanUtils.toStringTrueFalse/1	Ensures("(bool != null) && (!(bool.booleanValue())) ==> \\result.equals(falseString)")
BooleanUtils.toStringTrueFalse/1	Ensures("\\result.equals(toString(bool, TRUE, FALSE, null))")
BooleanUtils.toStringTrueFalse/1	Assignable("\\nothing")
BooleanUtils.toStringYesNo/1	Requires("bool != null")
BooleanUtils.toStringYesNo/1	Ensures("\\result != null")
BooleanUtils.toStringYesNo/1	Ensures("bool == null ==> \\result.equals(nullString)")
BooleanUtils.toStringYesNo/1	Ensures("(bool != null) && (bool.booleanValue()) ==> \\result.equals(YES)")
BooleanUtils.toStringYesNo/1	Ensures("(bool != null) && (!(bool.booleanValue())) ==> \\result.equals(NO)")
BooleanUtils.toStringYesNo/1	Ensures("\\result.equals(toString(bool, YES, NO))")
BooleanUtils.toStringYesNo/1	Assignable("\\nothing")
BooleanUtils.toStringYesNo/1	Ensures("\\result != null")
BooleanUtils.toStringYesNo/1	Ensures("bool == null ==> \\result.equals(nullString)")
BooleanUtils.toStringYesNo/1	Ensures("(bool != null) && (bool.booleanValue()) ==> \\result.equals(trueString)")
BooleanUtils.toStringYesNo/1	Ensures("(bool != null) && (!(bool.booleanValue())) ==> \\result.equals(falseString)")
BooleanUtils.toStringYesNo/1	Ensures("\\result.equals(toString(bool, YES, NO, null))")
BooleanUtils.toStringYesNo/1	Assignable("\\nothing")
BooleanUtils.values/0	Ensures("\\result == this.BOOLEAN_LIST")
BooleanUtils.values/0	Assignable("\\nothing")
BooleanUtils.xor/1	Ensures("true")
BooleanUtils.xor/1	LoopInvariant("array != null")
BooleanUtils.xor/1	Assignable("\\nothing")
BooleanUtils.xor/1	Ensures("\\result != null")
BooleanUtils.xor/1	Assignable("\\nothing")
CharUtils.ArrayUtils.setAll/2	Invariant("CHAR_STRING_ARRAY == ArrayUtils.setAll(new String[128], i -> String.valueOf((char) i))")
CharUtils.ArrayUtils.setAll/2	Invariant("HEX_DIGITS == { '0', '1', '2', '3', '4', '5', '6', '7', '8', '9', 'a', 'b', 'c', 'd', 'e', 'f' }")
CharUtils.ArrayUtils.setAll/2	Invariant("LF == '\\n'")
CharUtils.ArrayUtils.setAll/2	Invariant("CR == '\\r'")
CharUtils.ArrayUtils.setAll/2	Invariant("NUL == '\\0'")
CharUtils.compare/2	Requires("((\\bigint) x - (\\bigint) y) >= Integer.MIN_VALUE")
CharUtils.compare/2	Requires("((\\bigint) x - (\\bigint) y) <= Integer.MAX_VALUE")
CharUtils.compare/2	Ensures("\\result == x - y")
CharUtils.compare/2	Assignable("\\nothing")
CharUtils.isAscii/1	Ensures("\\result == (ch < 128)")
CharUtils.isAscii/1	Assignable("\\nothing")
CharUtils.isAsciiAlpha/1	Ensures("\\result == (isAsciiAlphaUpper(ch) || isAsciiAlphaLower(ch))")
CharUtils.isAsciiAlpha/1	Assignable("\\nothing")
CharUtils.isAsciiAlphaLower/1	Ensures("\\result == (ch >= 'a' && ch <= 'z')")
CharUtils.isAsciiAlphaLower/1	Assignable("\\nothing")
CharUtils.isAsciiAlphanumeric/1	Ensures("\\result == (isAsciiAlpha(ch) || isAsciiNumeric(ch))")
CharUtils.isAsciiAlphanumeric/1	Assignable("\\nothing")
CharUtils.isAsciiAlphaUpper/1	Ensures("\\result == (ch >= 'A' && ch <= 'Z')")
CharUtils.isAsciiAlphaUpper/1	Assignable("\\nothing")
CharUtils.isAsciiControl/1	Ensures("\\result == (ch < 32 || ch == 127)")
CharUtils.isAsciiControl/1	Assignable("\\nothing")
CharUtils.isAsciiNumeric/1	Ensures("\\result == (ch >= '0' && ch <= '9')")
CharUtils.isAsciiNumeric/1	Assignable("\\nothing")
CharUtils.isAsciiPrintable/1	Ensures("\\result == (ch >= 32 && ch < 127)")
CharUtils.isAsciiPrintable/1	Assignable("\\nothing")
CharUtils.isHex/1	Ensures("\\result == (isAsciiNumeric(ch) || ch >= 'a' && ch <= 'f' || ch >= 'A' && ch <= 'F')")
CharUtils.isHex/1	Assignable("\\nothing")
CharUtils.isOctal/1	Ensures("\\result == (ch >= '0' && ch <= '7')")
CharUtils.isOctal/1	Assignable("\\nothing")
CharUtils.toChar/1	Requires("ch != null")
CharUtils.toChar/1	Ensures("\\result == Objects.requireNonNull(ch, \"ch\").charValue()")
CharUtils.toChar/1	Assignable("\\nothing")
CharUtils.toChar/2	Requires("ch != null")
CharUtils.toChar/2	Ensures("ch != null ==> \\result != null")
CharUtils.toChar/2	Ensures("ch != null ==> \\result == ch.charValue()")
CharUtils.toChar/2	Ensures("ch == null ==> \\result == defaultValue")
CharUtils.toChar/2	Assignable("\\nothing")
CharUtils.toChar/1	Requires("str != null")
CharUtils.toChar/1	Requires("str.length() > 0")
CharUtils.toChar/1	Requires("0 < str.length()")
CharUtils.toChar/1	Ensures("\\result == str.charAt(0)")
CharUtils.toChar/1	Assignable("\\nothing")
CharUtils.toChar/2	Requires("str != null")
CharUtils.toChar/2	Requires("str.length() > 0")
CharUtils.toChar/2	Requires("0 < str.length()")
CharUtils.toChar/2	Ensures("true")
CharUtils.toChar/2	Assignable("\\nothing")
CharUtils.toCharacterObject/1	Ensures("\\result != null")
CharUtils.toCharacterObject/1	Ensures("\\result == Character.valueOf(c)")
CharUtils.toCharacterObject/1	Assignable("\\nothing")
CharUtils.toCharacterObject/1	Requires("str != null")
CharUtils.toCharacterObject/1	Requires("str.length() > 0")
CharUtils.toCharacterObject/1	Requires("0 < str.length()")
CharUtils.toCharacterObject/1	Ensures("\\result != null")
CharUtils.toCharacterObject/1	Assignable("\\nothing")
CharUtils.toIntValue/1	Requires("isAsciiNumeric(ch)")
CharUtils.toIntValue/1	Requires("((\\bigint) ch - (\\bigint) 48) >= Integer.MIN_VALUE")
CharUtils.toIntValue/1	Ensures("\\result < ch")
CharUtils.toIntValue/1	Ensures("\\result == ch - 48")
CharUtils.toIntValue/1	Signals("IllegalArgumentException when !isAsciiNumeric(ch)")
CharUtils.toIntValue/1	Assignable("\\nothing")
CharUtils.toIntValue/2	Requires("((\\bigint) ch - (\\bigint) 48) >= Integer.MIN_VALUE")
CharUtils.toIntValue/2	Ensures("isAsciiNumeric(ch) ==> \\result == ch - 48")
CharUtils.toIntValue/2	Ensures("!(isAsciiNumeric(ch)) ==> \\result == defaultValue")
CharUtils.toIntValue/2	Assignable("\\nothing")
CharUtils.toIntValue/1	Requires("((\\bigint) toChar(ch) - (\\bigint) 48) >= Integer.MIN_VALUE")
CharUtils.toIntValue/1	Requires("ch != null")
CharUtils.toIntValue/1	Requires("ch.length() > 0")
CharUtils.toIntValue/1	Ensures("isAsciiNumeric(toChar(ch)) ==> \\result == toChar(ch) - 48")
CharUtils.toIntValue/1	Ensures("!(isAsciiNumeric(toChar(ch))) ==> \\result == defaultValue")
CharUtils.toIntValue/1	Ensures("\\result == toIntValue(toChar(ch))")
CharUtils.toIntValue/1	Assignable("\\nothing")
CharUtils.toIntValue/2	Requires("ch != null")
CharUtils.toIntValue/2	Requires("defaultValue != null")
CharUtils.toIntValue/2	Requires("defaultValue.length() > 0")
CharUtils.toIntValue/2	Ensures("ch != null ==> \\result != null")
CharUtils.toIntValue/2	Ensures("ch == null ==> \\result == defaultValue")
CharUtils.toIntValue/2	Assignable("\\nothing")
CharUtils.toString/1	Requires("this.CHAR_STRING_ARRAY != null")
CharUtils.toString/1	Ensures("\\result != null")
CharUtils.toString/1	Ensures("ch < CHAR_STRING_ARRAY.length ==> \\result.equals(CHAR_STRING_ARRAY[ch])")
CharUtils.toString/1	Ensures("ch >= CHAR_STRING_ARRAY.length ==> \\result.equals(String.valueOf(ch))")
CharUtils.toString/1	Assignable("\\nothing")
CharUtils.toString/1	Requires("ch != null")
CharUtils.toString/1	Requires("this.CHAR_STRING_ARRAY != null")
CharUtils.toString/1	Ensures("\\result != null")
CharUtils.toString/1	Ensures("ch != null ==> \\result != null")
CharUtils.toString/1	Ensures("ch == null ==> \\result.equals(null)")
CharUtils.toString/1	Assignable("\\nothing")
CharUtils.unicodeEscaped/1	Requires("this.HEX_DIGITS != null")
CharUtils.unicodeEscaped/1	Ensures("\\result != null")
CharUtils.unicodeEscaped/1	Assignable("\\nothing")
CharUtils.unicodeEscaped/1	Requires("ch != null")
CharUtils.unicodeEscaped/1	Requires("this.HEX_DIGITS != null")
CharUtils.unicodeEscaped/1	Ensures("\\result != null")
CharUtils.unicodeEscaped/1	Ensures("ch != null ==> \\result != null")
CharUtils.unicodeEscaped/1	Ensures("ch == null ==> \\result.equals(null)")
CharUtils.unicodeEscaped/1	Assignable("\\nothing")
NumberUtils.Long.valueOf/1	Invariant("LONG_ZERO >= 0")
NumberUtils.Long.valueOf/1	Invariant("LONG_ZERO == Long.valueOf(0L)")
NumberUtils.Long.valueOf/1	Invariant("LONG_ONE >= 0")
NumberUtils.Long.valueOf/1	Invariant("LONG_ONE == Long.valueOf(1L)")
NumberUtils.Long.valueOf/1	Invariant("LONG_MINUS_ONE >= 0")
NumberUtils.Long.valueOf/1	Invariant("LONG_MINUS_ONE == Long.valueOf(-1L)")
NumberUtils.Long.valueOf/1	Invariant("INTEGER_ZERO >= 0")
NumberUtils.Long.valueOf/1	Invariant("INTEGER_ZERO == Integer.valueOf(0)")
NumberUtils.Long.valueOf/1	Invariant("INTEGER_ONE >= 0")
NumberUtils.Long.valueOf/1	Invariant("INTEGER_ONE == Integer.valueOf(1)")
NumberUtils.Long.valueOf/1	Invariant("INTEGER_TWO >= 0")
NumberUtils.Long.valueOf/1	Invariant("INTEGER_TWO == Integer.valueOf(2)")
NumberUtils.Long.valueOf/1	Invariant("INTEGER_MINUS_ONE >= 0")
NumberUtils.Long.valueOf/1	Invariant("INTEGER_MINUS_ONE == Integer.valueOf(-1)")
NumberUtils.Long.valueOf/1	Invariant("SHORT_ZERO == Short.valueOf((short) 0)")
NumberUtils.Long.valueOf/1	Invariant("SHORT_ONE == Short.valueOf((short) 1)")
NumberUtils.Long.valueOf/1	Invariant("SHORT_MINUS_ONE == Short.valueOf((short) -1)")
NumberUtils.Long.valueOf/1	Invariant("BYTE_ZERO == Byte.valueOf((byte) 0)")
NumberUtils.Long.valueOf/1	Invariant("BYTE_ONE == Byte.valueOf((byte) 1)")
NumberUtils.Long.valueOf/1	Invariant("BYTE_MINUS_ONE == Byte.valueOf((byte) -1)")
NumberUtils.Long.valueOf/1	Invariant("DOUBLE_ZERO >= 0")
NumberUtils.Long.valueOf/1	Invariant("DOUBLE_ZERO == Double.valueOf(0.0d)")
NumberUtils.Long.valueOf/1	Invariant("DOUBLE_ONE >= 0")
NumberUtils.Long.valueOf/1	Invariant("DOUBLE_ONE == Double.valueOf(1.0d)")
NumberUtils.Long.valueOf/1	Invariant("DOUBLE_MINUS_ONE >= 0")
NumberUtils.Long.valueOf/1	Invariant("DOUBLE_MINUS_ONE == Double.valueOf(-1.0d)")
NumberUtils.Long.valueOf/1	Invariant("FLOAT_ZERO >= 0")
NumberUtils.Long.valueOf/1	Invariant("FLOAT_ZERO == Float.valueOf(0.0f)")
NumberUtils.Long.valueOf/1	Invariant("FLOAT_ONE >= 0")
NumberUtils.Long.valueOf/1	Invariant("FLOAT_ONE == Float.valueOf(1.0f)")
NumberUtils.Long.valueOf/1	Invariant("FLOAT_MINUS_ONE >= 0")
NumberUtils.Long.valueOf/1	Invariant("FLOAT_MINUS_ONE == Float.valueOf(-1.0f)")
NumberUtils.Long.valueOf/1	Invariant("LONG_INT_MAX_VALUE >= 0")
NumberUtils.Long.valueOf/1	Invariant("LONG_INT_MAX_VALUE == Long.valueOf(Integer.MAX_VALUE)")
NumberUtils.Long.valueOf/1	Invariant("LONG_INT_MIN_VALUE >= 0")
NumberUtils.Long.valueOf/1	Invariant("LONG_INT_MIN_VALUE == Long.valueOf(Integer.MIN_VALUE)")
NumberUtils.accept/2	Requires("consumer != null")
NumberUtils.accept/2	Ensures("true")
NumberUtils.accept/2	Signals("on Exception returns false")
NumberUtils.accept/2	Assignable("\\nothing")
NumberUtils.compare/2	Ensures("\\result == Byte.compare(x, y)")
NumberUtils.compare/2	Assignable("\\nothing")
NumberUtils.compare/2	Ensures("\\result == Byte.compare(x, y)")
NumberUtils.compare/2	Ensures("\\result == Integer.compare(x, y)")
NumberUtils.compare/2	Assignable("\\nothing")
NumberUtils.compare/2	Ensures("\\result == Byte.compare(x, y)")
NumberUtils.compare/2	Ensures("\\result == Integer.compare(x, y)")
NumberUtils.compare/2	Ensures("\\result == Long.compare(x, y)")
NumberUtils.compare/2	Assignable("\\nothing")
NumberUtils.compare/2	Ensures("\\result == Byte.compare(x, y)")
NumberUtils.compare/2	Ensures("\\result == Integer.compare(x, y)")
NumberUtils.compare/2	Ensures("\\result == Long.compare(x, y)")
NumberUtils.compare/2	Ensures("\\result == Short.compare(x, y)")
NumberUtils.compare/2	Assignable("\\nothing")
NumberUtils.createBigDecimal/1	Requires("str != null")
NumberUtils.createBigDecimal/1	Ensures("str == null ==> \\result == null")
NumberUtils.createBigDecimal/1	Assignable("\\nothing")
NumberUtils.createBigInteger/1	Requires("str != null")
NumberUtils.createBigInteger/1	Requires("str.length() > pos + 1")
NumberUtils.createBigInteger/1	Requires("str.length() > 0")
NumberUtils.createBigInteger/1	Requires("0 < str.length()")
NumberUtils.createBigInteger/1	Requires("0 < Integer.MAX_VALUE")
NumberUtils.createBigInteger/1	Requires("((\\bigint) 0 + (\\bigint) 1) <= Integer.MAX_VALUE")
NumberUtils.createBigInteger/1	Ensures("str == null ==> \\result == null")
NumberUtils.createBigInteger/1	Signals("NumberFormatException when str.isEmpty()")
NumberUtils.createBigInteger/1	Assignable("\\nothing")
NumberUtils.createDouble/1	Requires("str != null")
NumberUtils.createDouble/1	Ensures("\\result != null")
NumberUtils.createDouble/1	Ensures("str == null ==> \\result == null")
NumberUtils.createDouble/1	Ensures("str != null ==> \\result == Double.valueOf(str)")
NumberUtils.createDouble/1	Assignable("\\nothing")
NumberUtils.createFloat/1	Requires("str != null")
NumberUtils.createFloat/1	Ensures("\\result != null")
NumberUtils.createFloat/1	Ensures("str == null ==> \\result == null")
NumberUtils.createFloat/1	Ensures("str != null ==> \\result == Float.valueOf(str)")
NumberUtils.createFloat/1	Assignable("\\nothing")
NumberUtils.createInteger/1	Requires("str != null")
NumberUtils.createInteger/1	Ensures("str == null ==> \\result == null")
NumberUtils.createInteger/1	Ensures("str != null ==> \\result == Integer.decode(str)")
NumberUtils.createInteger/1	Assignable("\\nothing")
NumberUtils.createLong/1	Requires("str != null")
NumberUtils.createLong/1	Ensures("str == null ==> \\result == null")
NumberUtils.createLong/1	Ensures("str != null ==> \\result == Long.decode(str)")
NumberUtils.createLong/1	Assignable("\\nothing")
NumberUtils.createNumber/1	Requires("str != null")
NumberUtils.createNumber/1	Requires("str.length() > 0")
NumberUtils.createNumber/1	Requires("0 < str.length()")
NumberUtils.createNumber/1	Requires("0 < Integer.MAX_VALUE")
NumberUtils.createNumber/1	Requires("((\\bigint) 0 + (\\bigint) 1) <= Integer.MAX_VALUE")
NumberUtils.createNumber/1	Requires("((\\bigint) str.length() - (\\bigint) 1) >= Integer.MIN_VALUE")
NumberUtils.createNumber/1	Requires("((\\bigint) str.length() - (\\bigint) 1) <= Integer.MAX_VALUE")
NumberUtils.createNumber/1	Ensures("str == null ==> \\result == null")
NumberUtils.createNumber/1	Ensures("str != null ==> \\result == Long.decode(str)")
NumberUtils.createNumber/1	Ensures("str != null ==> \\result == Integer.decode(str)")
NumberUtils.createNumber/1	Ensures("numeric == null ==> \\result == null")
NumberUtils.createNumber/1	Ensures("numeric != null ==> \\result == Long.decode(numeric)")
NumberUtils.createNumber/1	Ensures("\\result != null")
NumberUtils.createNumber/1	LoopInvariant("hexPrefixes != null")
NumberUtils.createNumber/1	LoopInvariant(value = "pfxLen >= 0", loopLine = 1)
NumberUtils.createNumber/1	LoopInvariant(value = "pfxLen <= i", loopLine = 1)
NumberUtils.createNumber/1	Signals("suppresses NumberFormatException")
NumberUtils.createNumber/1	Assignable("\\nothing")
NumberUtils.getMantissa/2	Requires("str != null")
NumberUtils.getMantissa/2	Requires("str.length() > 0")
NumberUtils.getMantissa/2	Requires("0 < str.length()")
NumberUtils.getMantissa/2	Requires("stopPos <= str.length()")
NumberUtils.getMantissa/2	Requires("0 <= stopPos")
NumberUtils.getMantissa/2	Requires("1 <= stopPos")
NumberUtils.getMantissa/2	Ensures("\\result != null")
NumberUtils.getMantissa/2	Assignable("\\nothing")
NumberUtils.isAllZeros/1	Requires("str != null")
NumberUtils.isAllZeros/1	Requires("str.length() > 0")
NumberUtils.isAllZeros/1	Requires("((\\bigint) str.length() - (\\bigint) 1) >= Integer.MIN_VALUE")
NumberUtils.isAllZeros/1	Requires("((\\bigint) str.length() - (\\bigint) 1) <= Integer.MAX_VALUE")
NumberUtils.isAllZeros/1	Requires("str.length() - 1 >= 0")
NumberUtils.isAllZeros/1	Ensures("true")
NumberUtils.isAllZeros/1	LoopInvariant("i <= str.length() - 1")
NumberUtils.isAllZeros/1	LoopInvariant("i >= 0")
NumberUtils.isAllZeros/1	Assignable("\\nothing")
NumberUtils.isCreatable/1	Requires("str != null")
NumberUtils.isCreatable/1	Ensures("true")
NumberUtils.isCreatable/1	LoopInvariant("str != null")
NumberUtils.isCreatable/1	Assignable("\\nothing")
NumberUtils.isDigits/1	Ensures("true")
NumberUtils.isDigits/1	Assignable("\\nothing")
NumberUtils.isNumber/1	Requires("str != null")
NumberUtils.isNumber/1	Ensures("\\result == isCreatable(str)")
NumberUtils.isNumber/1	Assignable("\\nothing")
NumberUtils.isParsable/1	Requires("str != null")
NumberUtils.isParsable/1	Ensures("true")
NumberUtils.isParsable/1	Assignable("\\nothing")
NumberUtils.isSign/1	Ensures("\\result == (ch == '-' || ch == '+')")
NumberUtils.isSign/1	Assignable("\\nothing")
NumberUtils.isZero/2	Requires("mant != null")
NumberUtils.isZero/2	Requires("mant.length() > 0")
NumberUtils.isZero/2	Requires("((\\bigint) mant.length() - (\\bigint) 1) >= Integer.MIN_VALUE")
NumberUtils.isZero/2	Requires("((\\bigint) mant.length() - (\\bigint) 1) <= Integer.MAX_VALUE")
NumberUtils.isZero/2	Requires("mant.length() - 1 >= 0")
NumberUtils.isZero/2	Requires("dec != null")
NumberUtils.isZero/2	Requires("dec.length() > 0")
NumberUtils.isZero/2	Requires("((\\bigint) dec.length() - (\\bigint) 1) >= Integer.MIN_VALUE")
NumberUtils.isZero/2	Requires("((\\bigint) dec.length() - (\\bigint) 1) <= Integer.MAX_VALUE")
NumberUtils.isZero/2	Requires("dec.length() - 1 >= 0")
NumberUtils.isZero/2	Ensures("\\result == (isAllZeros(mant) && isAllZeros(dec))")
NumberUtils.isZero/2	Assignable("\\nothing")
NumberUtils.max/1	Requires("1 <= array.length")
NumberUtils.max/1	Ensures("(\\exists int k; 0 <= k && k < array.length; \\result == array[k])")
NumberUtils.max/1	Ensures("(\\forall int k; 0 <= k && k < array.length; \\result >= array[k])")
NumberUtils.max/1	LoopInvariant(value = "(\\forall int k; 0 <= k && k < i; max >= array[k])", loopLine = 815)
NumberUtils.max/1	LoopInvariant(value = "(\\exists int k; 0 <= k && k < i; max == array[k])", loopLine = 815)
NumberUtils.max/1	LoopInvariant("i >= 1")
NumberUtils.max/1	LoopInvariant("i <= array.length")
NumberUtils.max/1	Assignable("\\nothing")
NumberUtils.max/3	Ensures("true")
NumberUtils.max/3	Assignable("\\nothing")
NumberUtils.max/1	Requires("1 <= array.length")
NumberUtils.max/1	Ensures("true")
NumberUtils.max/1	LoopInvariant("j >= 1")
NumberUtils.max/1	LoopInvariant("j <= array.length")
NumberUtils.max/1	Assignable("\\nothing")
NumberUtils.max/3	Ensures("\\result == Math.max(Math.max(a, b), c)")
NumberUtils.max/3	Assignable("\\nothing")
NumberUtils.max/1	Requires("1 <= array.length")
NumberUtils.max/1	Ensures("true")
NumberUtils.max/1	LoopInvariant("j >= 1")
NumberUtils.max/1	LoopInvariant("j <= array.length")
NumberUtils.max/1	Assignable("\\nothing")
NumberUtils.max/3	Ensures("\\result == Math.max(Math.max(a, b), c)")
NumberUtils.max/3	Assignable("\\nothing")
NumberUtils.max/1	Requires("1 <= array.length")
NumberUtils.max/1	Ensures("(\\exists int k; 0 <= k && k < array.length; \\result == array[k])")
NumberUtils.max/1	Ensures("(\\forall int k; 0 <= k && k < array.length; \\result >= array[k])")
NumberUtils.max/1	LoopInvariant(value = "(\\forall int k; 0 <= k && k < j; max >= array[k])", loopLine = 975)
NumberUtils.max/1	LoopInvariant(value = "(\\exists int k; 0 <= k && k < j; max == array[k])", loopLine = 975)
NumberUtils.max/1	LoopInvariant("j >= 1")
NumberUtils.max/1	LoopInvariant("j <= array.length")
NumberUtils.max/1	Assignable("\\nothing")
NumberUtils.max/3	Requires("b > a")
NumberUtils.max/3	Requires("c > a")
NumberUtils.max/3	Ensures("true")
NumberUtils.max/3	Assignable("\\nothing")
NumberUtils.max/1	Requires("1 <= array.length")
NumberUtils.max/1	Ensures("(\\exists int k; 0 <= k && k < array.length; \\result == array[k])")
NumberUtils.max/1	Ensures("(\\forall int k; 0 <= k && k < array.length; \\result >= array[k])")
NumberUtils.max/1	LoopInvariant(value = "(\\forall int k; 0 <= k && k < j; max >= array[k])", loopLine = 1015)
NumberUtils.max/1	LoopInvariant(value = "(\\exists int k; 0 <= k && k < j; max == array[k])", loopLine = 1015)
NumberUtils.max/1	LoopInvariant("j >= 1")
NumberUtils.max/1	LoopInvariant("j <= array.length")
NumberUtils.max/1	Assignable("\\nothing")
NumberUtils.max/3	Requires("b > a")
NumberUtils.max/3	Requires("c > a")
NumberUtils.max/3	Ensures("true")
NumberUtils.max/3	Assignable("\\nothing")
NumberUtils.max/1	Requires("1 <= array.length")
NumberUtils.max/1	Ensures("(\\exists int k; 0 <= k && k < array.length; \\result == array[k])")
NumberUtils.max/1	Ensures("(\\forall int k; 0 <= k && k < array.length; \\result >= array[k])")
NumberUtils.max/1	LoopInvariant(value = "(\\forall int k; 0 <= k && k < i; max >= array[k])", loopLine = 1056)
NumberUtils.max/1	LoopInvariant(value = "(\\exists int k; 0 <= k && k < i; max == array[k])", loopLine = 1056)
NumberUtils.max/1	LoopInvariant("i >= 1")
NumberUtils.max/1	LoopInvariant("i <= array.length")
NumberUtils.max/1	Assignable("\\nothing")
NumberUtils.max/3	Ensures("true")
NumberUtils.max/3	Assignable("\\nothing")
NumberUtils.min/1	Requires("1 <= array.length")
NumberUtils.min/1	Ensures("(\\exists int k; 0 <= k && k < array.length; \\result == array[k])")
NumberUtils.min/1	Ensures("(\\forall int k; 0 <= k && k < array.length; \\result <= array[k])")
NumberUtils.min/1	LoopInvariant(value = "(\\forall int k; 0 <= k && k < i; min <= array[k])", loopLine = 1096)
NumberUtils.min/1	LoopInvariant(value = "(\\exists int k; 0 <= k && k < i; min == array[k])", loopLine = 1096)
NumberUtils.min/1	LoopInvariant("i >= 1")
NumberUtils.min/1	LoopInvariant("i <= array.length")
NumberUtils.min/1	Assignable("\\nothing")
NumberUtils.min/3	Ensures("true")
NumberUtils.min/3	Assignable("\\nothing")
NumberUtils.min/1	Requires("1 <= array.length")
NumberUtils.min/1	Ensures("true")
NumberUtils.min/1	LoopInvariant("i >= 1")
NumberUtils.min/1	LoopInvariant("i <= array.length")
NumberUtils.min/1	Assignable("\\nothing")
NumberUtils.min/3	Ensures("\\result == Math.min(Math.min(a, b), c)")
NumberUtils.min/3	Assignable("\\nothing")
NumberUtils.min/1	Requires("1 <= array.length")
NumberUtils.min/1	Ensures("true")
NumberUtils.min/1	LoopInvariant("i >= 1")
NumberUtils.min/1	LoopInvariant("i <= array.length")
NumberUtils.min/1	Assignable("\\nothing")
NumberUtils.min/3	Ensures("\\result == Math.min(Math.min(a, b), c)")
NumberUtils.min/3	Assignable("\\nothing")
NumberUtils.min/1	Requires("1 <= array.length")
NumberUtils.min/1	Ensures("(\\exists int k; 0 <= k && k < array.length; \\result == array[k])")
NumberUtils.min/1	Ensures("(\\forall int k; 0 <= k && k < array.length; \\result <= array[k])")
NumberUtils.min/1	LoopInvariant(value = "(\\forall int k; 0 <= k && k < j; min <= array[k])", loopLine = 1222)
NumberUtils.min/1	LoopInvariant(value = "(\\exists int k; 0 <= k && k < j; min == array[k])", loopLine = 1222)
NumberUtils.min/1	LoopInvariant("j >= 1")
NumberUtils.min/1	LoopInvariant("j <= array.length")
NumberUtils.min/1	Assignable("\\nothing")
NumberUtils.min/3	Requires("b < a")
NumberUtils.min/3	Requires("c < a")
NumberUtils.min/3	Ensures("true")
NumberUtils.min/3	Assignable("\\nothing")
NumberUtils.min/1	Requires("1 <= array.length")
NumberUtils.min/1	Ensures("(\\exists int k; 0 <= k && k < array.length; \\result == array[k])")
NumberUtils.min/1	Ensures("(\\forall int k; 0 <= k && k < array.length; \\result <= array[k])")
NumberUtils.min/1	LoopInvariant(value = "(\\forall int k; 0 <= k && k < i; min <= array[k])", loopLine = 1262)
NumberUtils.min/1	LoopInvariant(value = "(\\exists int k; 0 <= k && k < i; min == array[k])", loopLine = 1262)
NumberUtils.min/1	LoopInvariant("i >= 1")
NumberUtils.min/1	LoopInvariant("i <= array.length")
NumberUtils.min/1	Assignable("\\nothing")
NumberUtils.min/3	Requires("b < a")
NumberUtils.min/3	Requires("c < a")
NumberUtils.min/3	Ensures("true")
NumberUtils.min/3	Assignable("\\nothing")
NumberUtils.min/1	Requires("1 <= array.length")
NumberUtils.min/1	Ensures("(\\exists int k; 0 <= k && k < array.length; \\result == array[k])")
NumberUtils.min/1	Ensures("(\\forall int k; 0 <= k && k < array.length; \\result <= array[k])")
NumberUtils.min/1	LoopInvariant(value = "(\\forall int k; 0 <= k && k < i; min <= array[k])", loopLine = 1303)
NumberUtils.min/1	LoopInvariant(value = "(\\exists int k; 0 <= k && k < i; min == array[k])", loopLine = 1303)
NumberUtils.min/1	LoopInvariant("i >= 1")
NumberUtils.min/1	LoopInvariant("i <= array.length")
NumberUtils.min/1	Assignable("\\nothing")
NumberUtils.min/3	Ensures("true")
NumberUtils.min/3	Assignable("\\nothing")
NumberUtils.toByte/1	Ensures("\\result == toByte(str, (byte) 0)")
NumberUtils.toByte/1	Assignable("\\nothing")
NumberUtils.toByte/2	Ensures("\\result == Byte.parseByte(str)")
NumberUtils.toByte/2	Signals("on RuntimeException returns defaultValue")
NumberUtils.toByte/2	Assignable("\\nothing")
NumberUtils.toDouble/1	Ensures("true")
NumberUtils.toDouble/1	Assignable("\\nothing")
NumberUtils.toDouble/2	Requires("value != null")
NumberUtils.toDouble/2	Ensures("value != null ==> \\result != null")
NumberUtils.toDouble/2	Ensures("value == null ==> \\result == defaultValue")
NumberUtils.toDouble/2	Ensures("value != null ==> \\result == value.doubleValue()")
NumberUtils.toDouble/2	Assignable("\\nothing")
NumberUtils.toDouble/1	Requires("str != null")
NumberUtils.toDouble/1	Ensures("value != null ==> \\result != null")
NumberUtils.toDouble/1	Ensures("value == null ==> \\result == defaultValue")
NumberUtils.toDouble/1	Ensures("value != null ==> \\result == value.doubleValue()")
NumberUtils.toDouble/1	Assignable("\\nothing")
NumberUtils.toDouble/2	Ensures("\\result == Double.parseDouble(str)")
NumberUtils.toDouble/2	Signals("on RuntimeException returns defaultValue")
NumberUtils.toDouble/2	Assignable("\\nothing")
NumberUtils.toFloat/1	Ensures("true")
NumberUtils.toFloat/1	Assignable("\\nothing")
NumberUtils.toFloat/2	Ensures("\\result == Float.parseFloat(str)")
NumberUtils.toFloat/2	Signals("on RuntimeException returns defaultValue")
NumberUtils.toFloat/2	Assignable("\\nothing")
NumberUtils.toInt/1	Ensures("\\result == toInt(str, 0)")
NumberUtils.toInt/1	Assignable("\\nothing")
NumberUtils.toInt/2	Ensures("\\result == Integer.parseInt(str)")
NumberUtils.toInt/2	Signals("on RuntimeException returns defaultValue")
NumberUtils.toInt/2	Assignable("\\nothing")
NumberUtils.toLong/1	Ensures("true")
NumberUtils.toLong/1	Assignable("\\nothing")
NumberUtils.toLong/2	Ensures("\\result == Long.parseLong(str)")
NumberUtils.toLong/2	Signals("on RuntimeException returns defaultValue")
NumberUtils.toLong/2	Assignable("\\nothing")
NumberUtils.toScaledBigDecimal/1	Ensures("\\result != null")
NumberUtils.toScaledBigDecimal/1	Assignable("\\nothing")
NumberUtils.toScaledBigDecimal/3	Requires("value != null")
NumberUtils.toScaledBigDecimal/3	Requires("roundingMode != null")
NumberUtils.toScaledBigDecimal/3	Ensures("\\result != null")
NumberUtils.toScaledBigDecimal/3	Assignable("\\nothing")
NumberUtils.toScaledBigDecimal/1	Requires("value != null")
NumberUtils.toScaledBigDecimal/1	Ensures("\\result != null")
NumberUtils.toScaledBigDecimal/1	Assignable("\\nothing")
NumberUtils.toScaledBigDecimal/3	Requires("value != null")
NumberUtils.toScaledBigDecimal/3	Requires("scale != null")
NumberUtils.toScaledBigDecimal/3	Ensures("\\result != null")
NumberUtils.toScaledBigDecimal/3	Assignable("\\nothing")
NumberUtils.toScaledBigDecimal/1	Requires("value != null")
NumberUtils.toScaledBigDecimal/1	Ensures("\\result != null")
NumberUtils.toScaledBigDecimal/1	Assignable("\\nothing")
NumberUtils.toScaledBigDecimal/3	Requires("value != null")
NumberUtils.toScaledBigDecimal/3	Requires("scale != null")
NumberUtils.toScaledBigDecimal/3	Ensures("\\result != null")
NumberUtils.toScaledBigDecimal/3	Assignable("\\nothing")
NumberUtils.toScaledBigDecimal/1	Requires("value != null")
NumberUtils.toScaledBigDecimal/1	Ensures("\\result != null")
NumberUtils.toScaledBigDecimal/1	Assignable("\\nothing")
NumberUtils.toScaledBigDecimal/3	Requires("value != null")
NumberUtils.toScaledBigDecimal/3	Requires("scale != null")
NumberUtils.toScaledBigDecimal/3	Ensures("\\result != null")
NumberUtils.toScaledBigDecimal/3	Assignable("\\nothing")
NumberUtils.toShort/1	Ensures("\\result == toShort(str, (short) 0)")
NumberUtils.toShort/1	Assignable("\\nothing")
NumberUtils.toShort/2	Ensures("\\result == Short.parseShort(str)")
NumberUtils.toShort/2	Signals("on RuntimeException returns defaultValue")
NumberUtils.toShort/2	Assignable("\\nothing")
NumberUtils.validateArray/1	Requires("array != null")
NumberUtils.validateArray/1	Assignable("\\nothing")
Mutable.get/0	Ensures("\\result != null")
Mutable.get/0	Ensures("\\result == getValue()")
Mutable.get/0	Assignable("\\nothing")
MutableBoolean.MutableBoolean/0	Invariant("serialVersionUID >= 0")
MutableBoolean.MutableBoolean/0	Invariant("serialVersionUID == -4830728138360036487L")
MutableBoolean.booleanValue/0	Ensures("\\result == this.value")
MutableBoolean.booleanValue/0	Assignable("\\nothing")
MutableBoolean.compareTo/1	Requires("other != null")
MutableBoolean.compareTo/1	Ensures("\\result >= -1 && \\result <= 1 || \\result < -1 || \\result > 1")
MutableBoolean.compareTo/1	Assignable("\\nothing")
MutableBoolean.equals/1	Ensures("(this.equals(obj) ==> obj.equals(this))")
MutableBoolean.equals/1	Assignable("\\nothing")
MutableBoolean.getValue/0	Ensures("\\result != null")
MutableBoolean.getValue/0	Ensures("\\result == Boolean.valueOf(this.value)")
MutableBoolean.getValue/0	Assignable("\\nothing")
MutableBoolean.hashCode/0	Ensures("\\result == \\result")
MutableBoolean.hashCode/0	Ensures("value ==> \\result == Boolean.TRUE.hashCode()")
MutableBoolean.hashCode/0	Ensures("!(value) ==> \\result == Boolean.FALSE.hashCode()")
MutableBoolean.hashCode/0	Assignable("\\nothing")
MutableBoolean.isFalse/0	Ensures("\\result == !value")
MutableBoolean.isFalse/0	Assignable("\\nothing")
MutableBoolean.isTrue/0	Ensures("\\result == this.value")
MutableBoolean.isTrue/0	Assignable("\\nothing")
MutableBoolean.setFalse/0	Ensures("this.value == false")
MutableBoolean.setFalse/0	Assignable("this.value")
MutableBoolean.setTrue/0	Ensures("this.value == true")
MutableBoolean.setTrue/0	Assignable("this.value")
MutableBoolean.setValue/1	Ensures("this.value == value")
MutableBoolean.setValue/1	Assignable("this.value")
MutableBoolean.setValue/1	Requires("value != null")
MutableBoolean.setValue/1	Ensures("this.value == value")
MutableBoolean.setValue/1	Assignable("this.value")
MutableBoolean.toBoolean/0	Ensures("\\result != null")
MutableBoolean.toBoolean/0	Ensures("\\result == Boolean.valueOf(booleanValue())")
MutableBoolean.toBoolean/0	Assignable("\\nothing")
MutableBoolean.toString/0	Ensures("\\result != null")
MutableBoolean.toString/0	Ensures("\\result.equals(String.valueOf(value))")
MutableBoolean.toString/0	Assignable("\\nothing")
MutableDouble.MutableDouble/0	Invariant("serialVersionUID >= 0")
MutableDouble.MutableDouble/0	Invariant("serialVersionUID == 1587163916L")
MutableDouble.add/1	Ensures("this.value == \\old(this.value) + operand")
MutableDouble.add/1	Assignable("this.value")
MutableDouble.add/1	Requires("operand != null")
MutableDouble.add/1	Ensures("this.value == \\old(this.value) + operand.doubleValue()")
MutableDouble.add/1	Ensures("this.value == \\old(this.value) + operand")
MutableDouble.add/1	Assignable("this.value")
MutableDouble.addAndGet/1	Ensures("this.value == \\old(this.value) + operand")
MutableDouble.addAndGet/1	Assignable("this.value")
MutableDouble.addAndGet/1	Requires("operand != null")
MutableDouble.addAndGet/1	Ensures("this.value == \\old(this.value) + operand.doubleValue()")
MutableDouble.addAndGet/1	Ensures("this.value == \\old(this.value) + operand")
MutableDouble.addAndGet/1	Assignable("this.value")
MutableDouble.compareTo/1	Requires("other != null")
MutableDouble.compareTo/1	Ensures("\\result >= -1 && \\result <= 1 || \\result < -1 || \\result > 1")
MutableDouble.compareTo/1	Ensures("\\result == Double.compare(this.value, other.value)")
MutableDouble.compareTo/1	Assignable("\\nothing")
MutableDouble.decrement/0	Ensures("this.value == \\old(this.value) - 1")
MutableDouble.decrement/0	Assignable("this.value")
MutableDouble.decrementAndGet/0	Ensures("this.value == \\old(this.value) - 1")
MutableDouble.decrementAndGet/0	Assignable("this.value")
MutableDouble.doubleValue/0	Ensures("\\result == this.value")
MutableDouble.doubleValue/0	Assignable("\\nothing")
MutableDouble.equals/1	Ensures("(this.equals(obj) ==> obj.equals(this))")
MutableDouble.equals/1	Assignable("\\nothing")
MutableDouble.floatValue/0	Ensures("\\result == (float) value")
MutableDouble.floatValue/0	Assignable("\\nothing")
MutableDouble.getAndAdd/1	Ensures("\\result == \\old(this.value)")
MutableDouble.getAndAdd/1	Ensures("this.value == \\old(this.value) + operand")
MutableDouble.getAndAdd/1	Assignable("this.value")
MutableDouble.getAndAdd/1	Requires("operand != null")
MutableDouble.getAndAdd/1	Ensures("\\result == \\old(this.value)")
MutableDouble.getAndAdd/1	Ensures("this.value == \\old(this.value) + operand.doubleValue()")
MutableDouble.getAndAdd/1	Ensures("this.value == \\old(this.value) + operand")
MutableDouble.getAndAdd/1	Assignable("this.value")
MutableDouble.getAndDecrement/0	Ensures("\\result == \\old(this.value)")
MutableDouble.getAndDecrement/0	Ensures("this.value == \\old(this.value) - 1")
MutableDouble.getAndDecrement/0	Assignable("this.value")
MutableDouble.getAndIncrement/0	Ensures("\\result == \\old(this.value)")
MutableDouble.getAndIncrement/0	Ensures("this.value == \\old(this.value) + 1")
MutableDouble.getAndIncrement/0	Assignable("this.value")
MutableDouble.getValue/0	Ensures("\\result != null")
MutableDouble.getValue/0	Ensures("\\result == Double.valueOf(this.value)")
MutableDouble.getValue/0	Assignable("\\nothing")
MutableDouble.hashCode/0	Ensures("\\result == \\result")
MutableDouble.hashCode/0	Ensures("\\result == ((int) (Double.doubleToLongBits(value) ^ Double.doubleToLongBits(value) >>> 32))")
MutableDouble.hashCode/0	Assignable("\\nothing")
MutableDouble.increment/0	Ensures("this.value == \\old(this.value) + 1")
MutableDouble.increment/0	Assignable("this.value")
MutableDouble.incrementAndGet/0	Ensures("this.value == \\old(this.value) + 1")
MutableDouble.incrementAndGet/0	Assignable("this.value")
MutableDouble.intValue/0	Ensures("\\result == (int) value")
MutableDouble.intValue/0	Assignable("\\nothing")
MutableDouble.isInfinite/0	Ensures("\\result == Double.isInfinite(value)")
MutableDouble.isInfinite/0	Assignable("\\nothing")
MutableDouble.isNaN/0	Ensures("\\result == Double.isNaN(value)")
MutableDouble.isNaN/0	Assignable("\\nothing")
MutableDouble.longValue/0	Ensures("\\result == (long) value")
MutableDouble.longValue/0	Assignable("\\nothing")
MutableDouble.setValue/1	Ensures("this.value == value")
MutableDouble.setValue/1	Assignable("this.value")
MutableDouble.setValue/1	Requires("value != null")
MutableDouble.setValue/1	Assignable("this.value")
MutableDouble.subtract/1	Ensures("this.value == \\old(this.value) - operand")
MutableDouble.subtract/1	Assignable("this.value")
MutableDouble.subtract/1	Requires("operand != null")
MutableDouble.subtract/1	Ensures("this.value == \\old(this.value) - operand.doubleValue()")
MutableDouble.subtract/1	Ensures("this.value == \\old(this.value) - operand")
MutableDouble.subtract/1	Assignable("this.value")
MutableDouble.toDouble/0	Ensures("\\result != null")
MutableDouble.toDouble/0	Ensures("\\result == Double.valueOf(doubleValue())")
MutableDouble.toDouble/0	Assignable("\\nothing")
MutableDouble.toString/0	Ensures("\\result != null")
MutableDouble.toString/0	Ensures("\\result.equals(String.valueOf(value))")
MutableDouble.toString/0	Assignable("\\nothing")
MutableInt.MutableInt/0	Invariant("serialVersionUID >= 0")
MutableInt.MutableInt/0	Invariant("serialVersionUID == 512176391864L")
MutableInt.add/1	Requires("((\\bigint) this.value + (\\bigint) operand) >= Integer.MIN_VALUE")
MutableInt.add/1	Requires("((\\bigint) this.value + (\\bigint) operand) <= Integer.MAX_VALUE")
MutableInt.add/1	Ensures("this.value == \\old(this.value) + operand")
MutableInt.add/1	Assignable("this.value")
MutableInt.add/1	Requires("operand != null")
MutableInt.add/1	Ensures("this.value == \\old(this.value) + operand.intValue()")
MutableInt.add/1	Assignable("this.value")
MutableInt.addAndGet/1	Requires("((\\bigint) this.value + (\\bigint) operand) >= Integer.MIN_VALUE")
MutableInt.addAndGet/1	Requires("((\\bigint) this.value + (\\bigint) operand) <= Integer.MAX_VALUE")
MutableInt.addAndGet/1	Ensures("this.value == \\old(this.value) + operand")
MutableInt.addAndGet/1	Assignable("this.value")
MutableInt.addAndGet/1	Requires("operand != null")
MutableInt.addAndGet/1	Ensures("this.value == \\old(this.value) + operand.intValue()")
MutableInt.addAndGet/1	Assignable("this.value")
MutableInt.compareTo/1	Requires("other != null")
MutableInt.compareTo/1	Ensures("\\result >= -1 && \\result <= 1 || \\result < -1 || \\result > 1")
MutableInt.compareTo/1	Ensures("\\result == Integer.compare(this.value, other.value)")
MutableInt.compareTo/1	Assignable("\\nothing")
MutableInt.decrement/0	Requires("this.value > Integer.MIN_VALUE")
MutableInt.decrement/0	Ensures("this.value == \\old(this.value) - 1")
MutableInt.decrement/0	Assignable("this.value")
MutableInt.decrementAndGet/0	Requires("this.value > Integer.MIN_VALUE")
MutableInt.decrementAndGet/0	Ensures("this.value == \\old(this.value) - 1")
MutableInt.decrementAndGet/0	Assignable("this.value")
MutableInt.doubleValue/0	Ensures("\\result == this.value")
MutableInt.doubleValue/0	Assignable("\\nothing")
MutableInt.equals/1	Ensures("(this.equals(obj) ==> obj.equals(this))")
MutableInt.equals/1	Assignable("\\nothing")
MutableInt.floatValue/0	Ensures("\\result == this.value")
MutableInt.floatValue/0	Ensures("\\result == (float) value")
MutableInt.floatValue/0	Assignable("\\nothing")
MutableInt.getAndAdd/1	Requires("((\\bigint) this.value + (\\bigint) operand) >= Integer.MIN_VALUE")
MutableInt.getAndAdd/1	Requires("((\\bigint) this.value + (\\bigint) operand) <= Integer.MAX_VALUE")
MutableInt.getAndAdd/1	Ensures("\\result == \\old(this.value)")
MutableInt.getAndAdd/1	Ensures("this.value == \\old(this.value) + operand")
MutableInt.getAndAdd/1	Assignable("this.value")
MutableInt.getAndAdd/1	Requires("operand != null")
MutableInt.getAndAdd/1	Ensures("\\result == \\old(this.value)")
MutableInt.getAndAdd/1	Ensures("this.value == \\old(this.value) + operand.intValue()")
MutableInt.getAndAdd/1	Assignable("this.value")
MutableInt.getAndDecrement/0	Requires("this.value > Integer.MIN_VALUE")
MutableInt.getAndDecrement/0	Ensures("\\result == \\old(this.value)")
MutableInt.getAndDecrement/0	Ensures("this.value == \\old(this.value) - 1")
MutableInt.getAndDecrement/0	Assignable("this.value")
MutableInt.getAndIncrement/0	Requires("this.value < Integer.MAX_VALUE")
MutableInt.getAndIncrement/0	Ensures("\\result == \\old(this.value)")
MutableInt.getAndIncrement/0	Ensures("this.value == \\old(this.value) + 1")
MutableInt.getAndIncrement/0	Assignable("this.value")
MutableInt.getValue/0	Ensures("\\result != null")
MutableInt.getValue/0	Ensures("\\result == Integer.valueOf(this.value)")
MutableInt.getValue/0	Assignable("\\nothing")
MutableInt.hashCode/0	Ensures("\\result == \\result")
MutableInt.hashCode/0	Ensures("\\result == this.value")
MutableInt.hashCode/0	Assignable("\\nothing")
MutableInt.increment/0	Requires("this.value < Integer.MAX_VALUE")
MutableInt.increment/0	Ensures("this.value == \\old(this.value) + 1")
MutableInt.increment/0	Assignable("this.value")
MutableInt.incrementAndGet/0	Requires("this.value < Integer.MAX_VALUE")
MutableInt.incrementAndGet/0	Ensures("this.value == \\old(this.value) + 1")
MutableInt.incrementAndGet/0	Assignable("this.value")
MutableInt.intValue/0	Ensures("\\result == this.value")
MutableInt.intValue/0	Ensures("\\result == (int) value")
MutableInt.intValue/0	Assignable("\\nothing")
MutableInt.longValue/0	Ensures("\\result == this.value")
MutableInt.longValue/0	Ensures("\\result == (long) value")
MutableInt.longValue/0	Assignable("\\nothing")
MutableInt.setValue/1	Ensures("this.value == value")
MutableInt.setValue/1	Assignable("this.value")
MutableInt.setValue/1	Requires("value != null")
MutableInt.setValue/1	Assignable("this.value")
MutableInt.subtract/1	Requires("((\\bigint) this.value - (\\bigint) operand) >= Integer.MIN_VALUE")
MutableInt.subtract/1	Requires("((\\bigint) this.value - (\\bigint) operand) <= Integer.MAX_VALUE")
MutableInt.subtract/1	Ensures("this.value == \\old(this.value) - operand")
MutableInt.subtract/1	Assignable("this.value")
MutableInt.subtract/1	Requires("operand != null")
MutableInt.subtract/1	Ensures("this.value == \\old(this.value) - operand.intValue()")
MutableInt.subtract/1	Assignable("this.value")
MutableInt.toInteger/0	Ensures("\\result != null")
MutableInt.toInteger/0	Ensures("\\result == Integer.valueOf(intValue())")
MutableInt.toInteger/0	Assignable("\\nothing")
MutableInt.toString/0	Ensures("\\result != null")
MutableInt.toString/0	Ensures("\\result.equals(String.valueOf(value))")
MutableInt.toString/0	Assignable("\\nothing")
Range.compare/2	Invariant("serialVersionUID >= 0")
Range.compare/2	Invariant("serialVersionUID == 2L")
Range.compare/2	Invariant("comparator != null")
Range.compare/2	Invariant("maximum != null")
Range.compare/2	Invariant("minimum != null")
Range.compare/2	Ensures("true")
Range.compare/2	Assignable("\\nothing")
Range.between/2	Requires("fromInclusive instanceof Comparable<? super T>")
Range.between/2	Requires("toInclusive instanceof Comparable<? super T>")
Range.between/2	Ensures("\\result != null")
Range.between/2	Ensures("\\result == of(fromInclusive, toInclusive, null)")
Range.between/2	Assignable("\\nothing")
Range.between/3	Requires("fromInclusive instanceof Comparable<? super T>")
Range.between/3	Requires("toInclusive instanceof Comparable<? super T>")
Range.between/3	Ensures("\\result != null")
Range.between/3	Ensures("\\result == of(fromInclusive, toInclusive, null)")
Range.between/3	Assignable("\\nothing")
Range.is/1	Requires("element instanceof Comparable<? super T>")
Range.is/1	Ensures("\\result != null")
Range.is/1	Ensures("\\result == of(element, element, null)")
Range.is/1	Assignable("\\nothing")
Range.is/2	Requires("element instanceof Comparable<? super T>")
Range.is/2	Ensures("\\result != null")
Range.is/2	Ensures("\\result == of(element, element, comparator)")
Range.is/2	Ensures("\\result == of(element, element, null)")
Range.is/2	Assignable("\\nothing")
Range.of/2	Requires("fromInclusive instanceof Comparable<? super T>")
Range.of/2	Requires("toInclusive instanceof Comparable<? super T>")
Range.of/2	Ensures("\\result != null")
Range.of/2	Ensures("\\result == of(fromInclusive, toInclusive, null)")
Range.of/2	Assignable("\\nothing")
Range.of/3	Ensures("\\result != null")
Range.of/3	Assignable("\\nothing")
Range.contains/1	Requires("element != null")
Range.contains/1	Requires("this.comparator != null")
Range.contains/1	Ensures("element != null ==> \\result == (comparator.compare(element, minimum) > -1 && comparator.compare(element, maximum) < 1)")
Range.contains/1	Assignable("\\nothing")
Range.containsRange/1	Requires("otherRange != null")
Range.containsRange/1	Requires("otherRange.minimum != null")
Range.containsRange/1	Requires("this.comparator != null")
Range.containsRange/1	Requires("otherRange.maximum != null")
Range.containsRange/1	Ensures("otherRange != null ==> \\result == (contains(otherRange.minimum) && contains(otherRange.maximum))")
Range.containsRange/1	Assignable("\\nothing")
Range.elementCompareTo/1	Requires("element != null")
Range.elementCompareTo/1	Ensures("isAfter(element) ==> \\result == -1")
Range.elementCompareTo/1	Ensures("(!(isAfter(element))) && (isBefore(element)) ==> \\result == 1")
Range.elementCompareTo/1	Ensures("(!(isAfter(element))) && (!(isBefore(element))) ==> \\result == 0")
Range.elementCompareTo/1	Assignable("\\nothing")
Range.equals/1	Requires("obj != null")
Range.equals/1	Requires("this.minimum != null")
Range.equals/1	Requires("this.maximum != null")
Range.equals/1	Ensures("(this.equals(obj) ==> obj.equals(this))")
Range.equals/1	Assignable("\\nothing")
Range.fit/1	Requires("element != null")
Range.fit/1	Ensures("isAfter(element) ==> \\result == minimum")
Range.fit/1	Ensures("(!(isAfter(element))) && (isBefore(element)) ==> \\result == maximum")
Range.fit/1	Ensures("(!(isAfter(element))) && (!(isBefore(element))) ==> \\result == element")
Range.fit/1	Assignable("\\nothing")
Range.getComparator/0	Ensures("\\result == this.comparator")
Range.getComparator/0	Assignable("\\nothing")
Range.getMaximum/0	Ensures("\\result == this.maximum")
Range.getMaximum/0	Assignable("\\nothing")
Range.getMinimum/0	Ensures("\\result == this.minimum")
Range.getMinimum/0	Assignable("\\nothing")
Range.hashCode/0	Ensures("\\result == \\result")
Range.hashCode/0	Ensures("\\result == this.hashCode")
Range.hashCode/0	Assignable("\\nothing")
Range.intersectionWith/1	Requires("other != null")
Range.intersectionWith/1	Requires("this.isOverlappedBy(other)")
Range.intersectionWith/1	Requires("this.minimum != null")
Range.intersectionWith/1	Requires("this.maximum != null")
Range.intersectionWith/1	Ensures("\\result != null")
Range.intersectionWith/1	Ensures("(!(!this.isOverlappedBy(other))) && (this.equals(other)) ==> \\result == this")
Range.intersectionWith/1	Signals("IllegalArgumentException when !this.isOverlappedBy(other)")
Range.intersectionWith/1	Assignable("\\nothing")
Range.isAfter/1	Requires("element != null")
Range.isAfter/1	Requires("this.comparator != null")
Range.isAfter/1	Ensures("element != null ==> \\result == (comparator.compare(element, minimum) < 0)")
Range.isAfter/1	Assignable("\\nothing")
Range.isAfterRange/1	Requires("otherRange != null")
Range.isAfterRange/1	Requires("otherRange.maximum != null")
Range.isAfterRange/1	Requires("this.comparator != null")
Range.isAfterRange/1	Ensures("otherRange.maximum != null ==> \\result == (comparator.compare(otherRange.maximum, minimum) < 0)")
Range.isAfterRange/1	Ensures("otherRange != null ==> \\result == isAfter(otherRange.maximum)")
Range.isAfterRange/1	Assignable("\\nothing")
Range.isBefore/1	Requires("element != null")
Range.isBefore/1	Requires("this.comparator != null")
Range.isBefore/1	Ensures("element != null ==> \\result == (comparator.compare(element, maximum) > 0)")
Range.isBefore/1	Assignable("\\nothing")
Range.isBeforeRange/1	Requires("otherRange != null")
Range.isBeforeRange/1	Requires("otherRange.minimum != null")
Range.isBeforeRange/1	Requires("this.comparator != null")
Range.isBeforeRange/1	Ensures("otherRange.minimum != null ==> \\result == (comparator.compare(otherRange.minimum, maximum) > 0)")
Range.isBeforeRange/1	Ensures("otherRange != null ==> \\result == isBefore(otherRange.minimum)")
Range.isBeforeRange/1	Assignable("\\nothing")
Range.isEndedBy/1	Requires("element != null")
Range.isEndedBy/1	Requires("this.comparator != null")
Range.isEndedBy/1	Ensures("element != null ==> \\result == (comparator.compare(element, maximum) == 0)")
Range.isEndedBy/1	Assignable("\\nothing")
Range.isNaturalOrdering/0	Ensures("true")
Range.isNaturalOrdering/0	Assignable("\\nothing")
Range.isOverlappedBy/1	Requires("otherRange != null")
Range.isOverlappedBy/1	Requires("otherRange.minimum != null")
Range.isOverlappedBy/1	Requires("this.comparator != null")
Range.isOverlappedBy/1	Ensures("otherRange != null ==> \\result == (otherRange.contains(minimum) || otherRange.contains(maximum) || contains(otherRange.minimum))")
Range.isOverlappedBy/1	Assignable("\\nothing")
Range.isStartedBy/1	Requires("element != null")
Range.isStartedBy/1	Requires("this.comparator != null")
Range.isStartedBy/1	Ensures("element != null ==> \\result == (comparator.compare(element, minimum) == 0)")
Range.isStartedBy/1	Assignable("\\nothing")
Range.toString/0	Requires("toString != null")
Range.toString/0	Ensures("true")
Range.toString/0	Assignable("this.toString")
Range.toString/1	Ensures("\\result != null")
Range.toString/1	Ensures("\\result.equals(String.format(format, minimum, maximum, comparator))")
Range.toString/1	Assignable("\\nothing")
MutablePair.emptyArray/0	Invariant("EMPTY_ARRAY == {}")
MutablePair.emptyArray/0	Invariant("serialVersionUID >= 0")
MutablePair.emptyArray/0	Invariant("serialVersionUID == 4954918890077093841L")
MutablePair.emptyArray/0	Ensures("\\result != null")
MutablePair.emptyArray/0	Assignable("\\nothing")
MutablePair.of/2	Ensures("\\result != null")
MutablePair.of/2	Assignable("\\nothing")
MutablePair.of/2	Requires("pair != null")
MutablePair.of/2	Ensures("\\result != null")
MutablePair.of/2	Assignable("\\nothing")
MutablePair.ofNonNull/2	Requires("left != null")
MutablePair.ofNonNull/2	Requires("right != null")
MutablePair.ofNonNull/2	Ensures("\\result != null")
MutablePair.ofNonNull/2	Ensures("\\result == of(Objects.requireNonNull(left, \"left\"), Objects.requireNonNull(right, \"right\"))")
MutablePair.ofNonNull/2	Assignable("\\nothing")
MutablePair.ofNonNull/2	Requires("pair != null")
MutablePair.ofNonNull/2	Ensures("\\result != null")
MutablePair.ofNonNull/2	Ensures("\\result == of(Objects.requireNonNull(pair, \"pair\"))")
MutablePair.ofNonNull/2	Assignable("\\nothing")
MutablePair.getLeft/0	Ensures("\\result == this.left")
MutablePair.getLeft/0	Assignable("\\nothing")
MutablePair.getRight/0	Ensures("\\result == this.right")
MutablePair.getRight/0	Assignable("\\nothing")
MutablePair.setLeft/1	Ensures("this.left == left")
MutablePair.setLeft/1	Assignable("this.left")
MutablePair.setRight/1	Ensures("this.right == right")
MutablePair.setRight/1	Assignable("this.right")
MutablePair.setValue/1	Ensures("\\result != null")
MutablePair.setValue/1	Ensures("\\result == getRight()")
MutablePair.setValue/1	Assignable("\\nothing")
Pair.emptyArray/0	Invariant("serialVersionUID >= 0")
Pair.emptyArray/0	Invariant("serialVersionUID == 4954918890077093841L")
Pair.emptyArray/0	Invariant("EMPTY_ARRAY == {}")
Pair.emptyArray/0	Ensures("\\result != null")
Pair.emptyArray/0	Assignable("\\nothing")
Pair.of/2	Ensures("\\result != null")
Pair.of/2	Assignable("\\nothing")
Pair.of/2	Ensures("\\result != null")
Pair.of/2	Assignable("\\nothing")
Pair.ofNonNull/2	Ensures("\\result != null")
Pair.ofNonNull/2	Assignable("\\nothing")
Pair.accept/3	Requires("consumer != null")
Pair.accept/3	Ensures("true")
Pair.accept/3	Signals("E")
Pair.accept/3	Assignable("\\nothing")
Pair.apply/4	Requires("function != null")
Pair.apply/4	Ensures("\\result != null")
Pair.apply/4	Ensures("\\result == function.apply(getKey(), getValue())")
Pair.apply/4	Signals("E")
Pair.apply/4	Assignable("\\nothing")
Pair.compareTo/2	Requires("other != null")
Pair.compareTo/2	Ensures("\\result >= -1 && \\result <= 1 || \\result < -1 || \\result > 1")
Pair.compareTo/2	Assignable("\\nothing")
Pair.equals/1	Ensures("(this.equals(obj) ==> obj.equals(this))")
Pair.equals/1	Assignable("\\nothing")
Pair.getKey/0	Ensures("\\result != null")
Pair.getKey/0	Ensures("\\result == getLeft()")
Pair.getKey/0	Assignable("\\nothing")
Pair.getValue/0	Ensures("\\result != null")
Pair.getValue/0	Ensures("\\result == getRight()")
Pair.getValue/0	Ensures("\\result == Boolean.valueOf(this.value)")
Pair.getValue/0	Assignable("\\nothing")
Pair.hashCode/0	Ensures("\\result == \\result")
Pair.hashCode/0	Ensures("\\result == (Objects.hashCode(getKey()) ^ Objects.hashCode(getValue()))")
Pair.hashCode/0	Ensures("value ==> \\result == Boolean.TRUE.hashCode()")
Pair.hashCode/0	Ensures("!(value) ==> \\result == Boolean.FALSE.hashCode()")
Pair.hashCode/0	Assignable("\\nothing")
Pair.toString/0	Ensures("\\result != null")
Pair.toString/0	Ensures("\\result.equals(\"(\" + getLeft() + ',' + getRight() + ')')")
Pair.toString/0	Assignable("\\nothing")
Pair.toString/1	Ensures("\\result != null")
Pair.toString/1	Ensures("\\result.equals(String.format(format, getLeft(), getRight()))")
Pair.toString/1	Assignable("\\nothing")
Validate.<pre>Validate.exclusiveBetween/3	Invariant("DEFAULT_NOT_NAN_EX_MESSAGE == \"The validated value is not a number\"")
Validate.<pre>Validate.exclusiveBetween/3	Invariant("DEFAULT_FINITE_EX_MESSAGE == \"The value is invalid: %f\"")
Validate.<pre>Validate.exclusiveBetween/3	Invariant("DEFAULT_EXCLUSIVE_BETWEEN_EX_MESSAGE == \"The value %s is not in the specified exclusive range of %s to %s\"")
Validate.<pre>Validate.exclusiveBetween/3	Invariant("DEFAULT_INCLUSIVE_BETWEEN_EX_MESSAGE == \"The value %s is not in the specified inclusive range of %s to %s\"")
Validate.<pre>Validate.exclusiveBetween/3	Invariant("DEFAULT_MATCHES_PATTERN_EX == \"The string %s does not match the pattern %s\"")
Validate.<pre>Validate.exclusiveBetween/3	Invariant("DEFAULT_IS_NULL_EX_MESSAGE == \"The validated object is null\"")
Validate.<pre>Validate.exclusiveBetween/3	Invariant("DEFAULT_IS_TRUE_EX_MESSAGE == \"The validated expression is false\"")
Validate.<pre>Validate.exclusiveBetween/3	Invariant("DEFAULT_NO_NULL_ELEMENTS_ARRAY_EX_MESSAGE == \"The validated array contains null element at index: %d\"")
Validate.<pre>Validate.exclusiveBetween/3	Invariant("DEFAULT_NO_NULL_ELEMENTS_COLLECTION_EX_MESSAGE == \"The validated collection contains null element at index: %d\"")
Validate.<pre>Validate.exclusiveBetween/3	Invariant("DEFAULT_NOT_BLANK_EX_MESSAGE == \"The validated character sequence is blank\"")
Validate.<pre>Validate.exclusiveBetween/3	Invariant("DEFAULT_NOT_EMPTY_ARRAY_EX_MESSAGE == \"The validated array is empty\"")
Validate.<pre>Validate.exclusiveBetween/3	Invariant("DEFAULT_NOT_EMPTY_CHAR_SEQUENCE_EX_MESSAGE == \"The validated character sequence is empty\"")
Validate.<pre>Validate.exclusiveBetween/3	Invariant("DEFAULT_NOT_EMPTY_COLLECTION_EX_MESSAGE == \"The validated collection is empty\"")
Validate.<pre>Validate.exclusiveBetween/3	Invariant("DEFAULT_NOT_EMPTY_MAP_EX_MESSAGE == \"The validated map is empty\"")
Validate.<pre>Validate.exclusiveBetween/3	Invariant("DEFAULT_VALID_INDEX_ARRAY_EX_MESSAGE == \"The validated array index is invalid: %d\"")
Validate.<pre>Validate.exclusiveBetween/3	Invariant("DEFAULT_VALID_INDEX_CHAR_SEQUENCE_EX_MESSAGE == \"The validated character sequence index is invalid: %d\"")
Validate.<pre>Validate.exclusiveBetween/3	Invariant("DEFAULT_VALID_INDEX_COLLECTION_EX_MESSAGE == \"The validated collection index is invalid: %d\"")
Validate.<pre>Validate.exclusiveBetween/3	Invariant("DEFAULT_VALID_STATE_EX_MESSAGE == \"The validated state is false\"")
Validate.<pre>Validate.exclusiveBetween/3	Invariant("DEFAULT_IS_ASSIGNABLE_EX_MESSAGE == \"Cannot assign a %s to a %s\"")
Validate.<pre>Validate.exclusiveBetween/3	Invariant("DEFAULT_IS_INSTANCE_OF_EX_MESSAGE == \"Expected type: %s, actual: %s\"")
Validate.exclusiveBetween/3	Requires("value > start && value < end")
Validate.exclusiveBetween/3	Requires("value > start")
Validate.exclusiveBetween/3	Requires("value < end")
Validate.exclusiveBetween/3	Signals("IllegalArgumentException when value <= start || value >= end")
Validate.exclusiveBetween/3	Assignable("\\nothing")
Validate.exclusiveBetween/4	Requires("value > start && value < end")
Validate.exclusiveBetween/4	Requires("value > start")
Validate.exclusiveBetween/4	Requires("value < end")
Validate.exclusiveBetween/4	Signals("IllegalArgumentException when value <= start || value >= end")
Validate.exclusiveBetween/4	Assignable("\\nothing")
Validate.exclusiveBetween/3	Requires("value > start && value < end")
Validate.exclusiveBetween/3	Requires("value > start")
Validate.exclusiveBetween/3	Requires("value < end")
Validate.exclusiveBetween/3	Signals("IllegalArgumentException when value <= start || value >= end")
Validate.exclusiveBetween/3	Assignable("\\nothing")
Validate.exclusiveBetween/4	Requires("value > start && value < end")
Validate.exclusiveBetween/4	Requires("value > start")
Validate.exclusiveBetween/4	Requires("value < end")
Validate.exclusiveBetween/4	Signals("IllegalArgumentException when value <= start || value >= end")
Validate.exclusiveBetween/4	Assignable("\\nothing")
Validate.exclusiveBetween/3	Requires("value != null")
Validate.exclusiveBetween/3	Requires("value.compareTo(start) > 0 && value.compareTo(end) < 0")
Validate.exclusiveBetween/3	Requires("value instanceof Comparable")
Validate.exclusiveBetween/3	Signals("IllegalArgumentException when value.compareTo(start) <= 0 || value.compareTo(end) >= 0")
Validate.exclusiveBetween/3	Assignable("\\nothing")
Validate.exclusiveBetween/5	Requires("value != null")
Validate.exclusiveBetween/5	Requires("value.compareTo(start) > 0 && value.compareTo(end) < 0")
Validate.exclusiveBetween/5	Requires("value instanceof Comparable")
Validate.exclusiveBetween/5	Signals("IllegalArgumentException when value.compareTo(start) <= 0 || value.compareTo(end) >= 0")
Validate.exclusiveBetween/5	Assignable("\\nothing")
Validate.finite/1	Assignable("\\nothing")
Validate.finite/3	Signals("IllegalArgumentException when Double.isNaN(value) || Double.isInfinite(value)")
Validate.finite/3	Assignable("\\nothing")
Validate.getMessage/2	Ensures("\\result != null")
Validate.getMessage/2	Assignable("\\nothing")
Validate.inclusiveBetween/3	Requires("value >= start && value <= end")
Validate.inclusiveBetween/3	Requires("value >= start")
Validate.inclusiveBetween/3	Requires("value <= end")
Validate.inclusiveBetween/3	Signals("IllegalArgumentException when value < start || value > end")
Validate.inclusiveBetween/3	Assignable("\\nothing")
Validate.inclusiveBetween/4	Requires("value >= start && value <= end")
Validate.inclusiveBetween/4	Requires("value >= start")
Validate.inclusiveBetween/4	Requires("value <= end")
Validate.inclusiveBetween/4	Signals("IllegalArgumentException when value < start || value > end")
Validate.inclusiveBetween/4	Assignable("\\nothing")
Validate.inclusiveBetween/3	Requires("value >= start && value <= end")
Validate.inclusiveBetween/3	Requires("value >= start")
Validate.inclusiveBetween/3	Requires("value <= end")
Validate.inclusiveBetween/3	Signals("IllegalArgumentException when value < start || value > end")
Validate.inclusiveBetween/3	Assignable("\\nothing")
Validate.inclusiveBetween/4	Requires("value >= start && value <= end")
Validate.inclusiveBetween/4	Requires("value >= start")
Validate.inclusiveBetween/4	Requires("value <= end")
Validate.inclusiveBetween/4	Signals("IllegalArgumentException when value < start || value > end")
Validate.inclusiveBetween/4	Assignable("\\nothing")
Validate.inclusiveBetween/3	Requires("value != null")
Validate.inclusiveBetween/3	Requires("value.compareTo(start) >= 0 && value.compareTo(end) <= 0")
Validate.inclusiveBetween/3	Requires("value instanceof Comparable")
Validate.inclusiveBetween/3	Signals("IllegalArgumentException when value.compareTo(start) < 0 || value.compareTo(end) > 0")
Validate.inclusiveBetween/3	Assignable("\\nothing")
Validate.inclusiveBetween/5	Requires("value != null")
Validate.inclusiveBetween/5	Requires("value.compareTo(start) >= 0 && value.compareTo(end) <= 0")
Validate.inclusiveBetween/5	Requires("value instanceof Comparable")
Validate.inclusiveBetween/5	Signals("IllegalArgumentException when value.compareTo(start) < 0 || value.compareTo(end) > 0")
Validate.inclusiveBetween/5	Assignable("\\nothing")
Validate.isAssignableFrom/2	Requires("superType != null")
Validate.isAssignableFrom/2	Requires("type != null")
Validate.isAssignableFrom/2	Signals("IllegalArgumentException when type == null || superType == null || !superType.isAssignableFrom(type)")
Validate.isAssignableFrom/2	Assignable("\\nothing")
Validate.isAssignableFrom/4	Requires("superType != null")
Validate.isAssignableFrom/4	Requires("superType.isAssignableFrom(type)")
Validate.isAssignableFrom/4	Requires("type != null")
Validate.isAssignableFrom/4	Signals("IllegalArgumentException when !superType.isAssignableFrom(type)")
Validate.isAssignableFrom/4	Assignable("\\nothing")
Validate.isInstanceOf/2	Requires("type != null")
Validate.isInstanceOf/2	Requires("type.isInstance(obj)")
Validate.isInstanceOf/2	Signals("IllegalArgumentException when !type.isInstance(obj)")
Validate.isInstanceOf/2	Assignable("\\nothing")
Validate.isInstanceOf/4	Requires("type != null")
Validate.isInstanceOf/4	Requires("type.isInstance(obj)")
Validate.isInstanceOf/4	Signals("IllegalArgumentException when !type.isInstance(obj)")
Validate.isInstanceOf/4	Assignable("\\nothing")
Validate.isTrue/1	Requires("expression")
Validate.isTrue/1	Signals("IllegalArgumentException when !expression")
Validate.isTrue/1	Assignable("\\nothing")
Validate.isTrue/3	Requires("expression")
Validate.isTrue/3	Signals("IllegalArgumentException when !expression")
Validate.isTrue/3	Assignable("\\nothing")
Validate.isTrue/3	Requires("expression")
Validate.isTrue/3	Signals("IllegalArgumentException when !expression")
Validate.isTrue/3	Assignable("\\nothing")
Validate.isTrue/3	Requires("expression")
Validate.isTrue/3	Signals("IllegalArgumentException when !expression")
Validate.isTrue/3	Assignable("\\nothing")
Validate.isTrue/2	Requires("messageSupplier != null")
Validate.isTrue/2	Requires("expression")
Validate.isTrue/2	Signals("IllegalArgumentException when !expression")
Validate.isTrue/2	Assignable("\\nothing")
Validate.matchesPattern/2	Assignable("\\nothing")
Validate.matchesPattern/4	Assignable("\\nothing")
Validate.noNullElements/1	Requires("iterable instanceof Iterable<?>")
Validate.noNullElements/1	Ensures("\\result != null")
Validate.noNullElements/1	Ensures("\\result == noNullElements(iterable, DEFAULT_NO_NULL_ELEMENTS_COLLECTION_EX_MESSAGE)")
Validate.noNullElements/1	Assignable("\\nothing")
Validate.noNullElements/3	Requires("iterable != null")
Validate.noNullElements/3	Requires("e != null")
Validate.noNullElements/3	Requires("iterable instanceof Iterable<?>")
Validate.noNullElements/3	Ensures("\\result != null")
Validate.noNullElements/3	Assignable("\\nothing")
Validate.noNullElements/1	Requires("array != null")
Validate.noNullElements/1	Requires("array instanceof Iterable<?>")
Validate.noNullElements/1	Ensures("\\result != null")
Validate.noNullElements/1	Ensures("\\result == noNullElements(array, DEFAULT_NO_NULL_ELEMENTS_ARRAY_EX_MESSAGE)")
Validate.noNullElements/1	Assignable("\\nothing")
Validate.noNullElements/3	Requires("array != null")
Validate.noNullElements/3	Requires("array[i] != null")
Validate.noNullElements/3	Ensures("\\result != null")
Validate.noNullElements/3	LoopInvariant("i >= 0")
Validate.noNullElements/3	LoopInvariant("i <= array.length")
Validate.noNullElements/3	LoopInvariant("(\\forall int k; 0 <= k && k < i; array[k] != null)")
Validate.noNullElements/3	Assignable("\\nothing")
Validate.notBlank/1	Requires("chars instanceof CharSequence")
Validate.notBlank/1	Ensures("\\result != null")
Validate.notBlank/1	Ensures("\\result == notBlank(chars, DEFAULT_NOT_BLANK_EX_MESSAGE)")
Validate.notBlank/1	Assignable("\\nothing")
Validate.notBlank/3	Requires("chars != null")
Validate.notBlank/3	Requires("chars instanceof CharSequence")
Validate.notBlank/3	Ensures("\\result != null")
Validate.notBlank/3	Assignable("\\nothing")
Validate.notEmpty/1	Requires("collection instanceof Collection<?>")
Validate.notEmpty/1	Ensures("\\result != null")
Validate.notEmpty/1	Ensures("\\result == notEmpty(collection, DEFAULT_NOT_EMPTY_COLLECTION_EX_MESSAGE)")
Validate.notEmpty/1	Assignable("\\nothing")
Validate.notEmpty/1	Requires("map instanceof Collection<?>")
Validate.notEmpty/1	Requires("map instanceof Map<?,?>")
Validate.notEmpty/1	Ensures("\\result != null")
Validate.notEmpty/1	Ensures("\\result == notEmpty(collection, DEFAULT_NOT_EMPTY_COLLECTION_EX_MESSAGE)")
Validate.notEmpty/1	Ensures("\\result == notEmpty(map, DEFAULT_NOT_EMPTY_MAP_EX_MESSAGE)")
Validate.notEmpty/1	Assignable("\\nothing")
Validate.notEmpty/1	Requires("chars instanceof Collection<?>")
Validate.notEmpty/1	Requires("chars instanceof Map<?,?>")
Validate.notEmpty/1	Requires("chars instanceof CharSequence")
Validate.notEmpty/1	Ensures("\\result != null")
Validate.notEmpty/1	Ensures("\\result == notEmpty(collection, DEFAULT_NOT_EMPTY_COLLECTION_EX_MESSAGE)")
Validate.notEmpty/1	Ensures("\\result == notEmpty(map, DEFAULT_NOT_EMPTY_MAP_EX_MESSAGE)")
Validate.notEmpty/1	Ensures("\\result == notEmpty(chars, DEFAULT_NOT_EMPTY_CHAR_SEQUENCE_EX_MESSAGE)")
Validate.notEmpty/1	Assignable("\\nothing")
Validate.notEmpty/3	Requires("collection != null")
Validate.notEmpty/3	Requires("collection instanceof Collection<?>")
Validate.notEmpty/3	Ensures("\\result != null")
Validate.notEmpty/3	Ensures("!(collection.isEmpty()) ==> \\result == collection")
Validate.notEmpty/3	Signals("IllegalArgumentException when collection.isEmpty()")
Validate.notEmpty/3	Assignable("\\nothing")
Validate.notEmpty/3	Requires("map != null")
Validate.notEmpty/3	Requires("map instanceof Map<?,?>")
Validate.notEmpty/3	Ensures("\\result != null")
Validate.notEmpty/3	Ensures("!(map.isEmpty()) ==> \\result == map")
Validate.notEmpty/3	Signals("IllegalArgumentException when map.isEmpty()")
Validate.notEmpty/3	Assignable("\\nothing")
Validate.notEmpty/3	Requires("chars != null")
Validate.notEmpty/3	Requires("chars.length() != 0")
Validate.notEmpty/3	Requires("chars instanceof CharSequence")
Validate.notEmpty/3	Ensures("\\result != null")
Validate.notEmpty/3	Ensures("chars.length() != 0 ==> \\result == chars")
Validate.notEmpty/3	Signals("IllegalArgumentException when chars.length() == 0")
Validate.notEmpty/3	Assignable("\\nothing")
Validate.notEmpty/1	Requires("array != null")
Validate.notEmpty/1	Requires("array.length() != 0")
Validate.notEmpty/1	Requires("array instanceof CharSequence")
Validate.notEmpty/1	Ensures("\\result != null")
Validate.notEmpty/1	Ensures("chars.length() != 0 ==> \\result == chars")
Validate.notEmpty/1	Ensures("\\result == notEmpty(array, DEFAULT_NOT_EMPTY_ARRAY_EX_MESSAGE)")
Validate.notEmpty/1	Assignable("\\nothing")
Validate.notEmpty/3	Requires("array != null")
Validate.notEmpty/3	Requires("array.length != 0")
Validate.notEmpty/3	Ensures("\\result != null")
Validate.notEmpty/3	Ensures("array.length != 0 ==> \\result == array")
Validate.notEmpty/3	Signals("IllegalArgumentException when array.length == 0")
Validate.notEmpty/3	Assignable("\\nothing")
Validate.notNaN/1	Assignable("\\nothing")
Validate.notNaN/3	Signals("IllegalArgumentException when Double.isNaN(value)")
Validate.notNaN/3	Assignable("\\nothing")
Validate.notNull/1	Ensures("\\result != null")
Validate.notNull/1	Ensures("\\result == notNull(object, DEFAULT_IS_NULL_EX_MESSAGE)")
Validate.notNull/1	Assignable("\\nothing")
Validate.notNull/3	Requires("object != null")
Validate.notNull/3	Ensures("\\result != null")
Validate.notNull/3	Ensures("\\result == object")
Validate.notNull/3	Ensures("\\result == Objects.requireNonNull(object, toSupplier(message, values))")
Validate.notNull/3	Assignable("\\nothing")
Validate.toSupplier/2	Ensures("\\result != null")
Validate.toSupplier/2	Ensures("\\result == (() -> getMessage(message, values))")
Validate.toSupplier/2	Assignable("\\nothing")
Validate.validIndex/2	Requires("collection instanceof Collection<?>")
Validate.validIndex/2	Ensures("\\result != null")
Validate.validIndex/2	Ensures("\\result == validIndex(collection, index, DEFAULT_VALID_INDEX_COLLECTION_EX_MESSAGE, Integer.valueOf(index))")
Validate.validIndex/2	Assignable("\\nothing")
Validate.validIndex/2	Requires("chars instanceof Collection<?>")
Validate.validIndex/2	Requires("chars instanceof CharSequence")
Validate.validIndex/2	Ensures("\\result != null")
Validate.validIndex/2	Ensures("\\result == validIndex(collection, index, DEFAULT_VALID_INDEX_COLLECTION_EX_MESSAGE, Integer.valueOf(index))")
Validate.validIndex/2	Ensures("\\result == validIndex(chars, index, DEFAULT_VALID_INDEX_CHAR_SEQUENCE_EX_MESSAGE, Integer.valueOf(index))")
Validate.validIndex/2	Assignable("\\nothing")
Validate.validIndex/4	Requires("collection != null")
Validate.validIndex/4	Requires("index >= 0 && index < collection.size()")
Validate.validIndex/4	Requires("collection instanceof Collection<?>")
Validate.validIndex/4	Ensures("\\result != null")
Validate.validIndex/4	Ensures("!(index < 0 || index >= collection.size()) ==> \\result == collection")
Validate.validIndex/4	Signals("IndexOutOfBoundsException when index < 0 || index >= collection.size()")
Validate.validIndex/4	Assignable("\\nothing")
Validate.validIndex/4	Requires("chars != null")
Validate.validIndex/4	Requires("index >= 0 && index < chars.length()")
Validate.validIndex/4	Requires("chars instanceof CharSequence")
Validate.validIndex/4	Ensures("\\result != null")
Validate.validIndex/4	Ensures("!(index < 0 || index >= chars.length()) ==> \\result == chars")
Validate.validIndex/4	Signals("IndexOutOfBoundsException when index < 0 || index >= chars.length()")
Validate.validIndex/4	Assignable("\\nothing")
Validate.validIndex/2	Requires("array != null")
Validate.validIndex/2	Requires("array >= 0 && array < chars.length()")
Validate.validIndex/2	Requires("array instanceof CharSequence")
Validate.validIndex/2	Ensures("\\result != null")
Validate.validIndex/2	Ensures("!(index < 0 || index >= chars.length()) ==> \\result == chars")
Validate.validIndex/2	Ensures("\\result == validIndex(array, index, DEFAULT_VALID_INDEX_ARRAY_EX_MESSAGE, Integer.valueOf(index))")
Validate.validIndex/2	Assignable("\\nothing")
Validate.validIndex/4	Requires("array != null")
Validate.validIndex/4	Requires("index >= 0 && index < array.length")
Validate.validIndex/4	Ensures("\\result != null")
Validate.validIndex/4	Ensures("!(index < 0 || index >= array.length) ==> \\result == array")
Validate.validIndex/4	Signals("IndexOutOfBoundsException when index < 0 || index >= array.length")
Validate.validIndex/4	Assignable("\\nothing")
Validate.validState/1	Requires("expression")
Validate.validState/1	Signals("IllegalStateException when !expression")
Validate.validState/1	Assignable("\\nothing")
Validate.validState/3	Requires("expression")
Validate.validState/3	Signals("IllegalStateException when !expression")
Validate.validState/3	Assignable("\\nothing")
